model,accuracy,f1,auc
lr,0.705,0.8102893890675241,0.6628571428571428
rf,0.705,0.8052805280528053,0.6835119047619047
mlp,0.695,0.7889273356401384,0.626904761904762
